{
    "accuracies": [
        0.06666666666666667,
        0.03333333333333333,
        0.1,
        0.13333333333333333,
        0.1,
        0.06666666666666667,
        0.06666666666666667,
        0.1,
        0.06666666666666667,
        0.06666666666666667,
        0.1,
        0.13333333333333333,
        0.03333333333333333,
        0.06666666666666667,
        0.13333333333333333,
        0.13333333333333333,
        0.06666666666666667,
        0.1,
        0.13333333333333333,
        0.06666666666666667,
        0.13333333333333333,
        0.06666666666666667,
        0.06666666666666667,
        0.06666666666666667,
        0.1,
        0.06666666666666667,
        0.13333333333333333,
        0.13333333333333333,
        0.1,
        0.1,
        0.06666666666666667,
        0.1,
        0.1,
        0.13333333333333333,
        0.06666666666666667,
        0.1,
        0.1,
        0.06666666666666667,
        0.1,
        0.06666666666666667,
        0.1,
        0.13333333333333333,
        0.1,
        0.1,
        0.13333333333333333,
        0.1,
        0.1,
        0.13333333333333333,
        0.06666666666666667,
        0.1,
        0.1,
        0.13333333333333333,
        0.1,
        0.03333333333333333,
        0.03333333333333333,
        0.13333333333333333,
        0.1,
        0.1,
        0.16666666666666666,
        0.1,
        0.1,
        0.1,
        0.0,
        0.13333333333333333
    ],
    "average": 0.09427083333333333,
    "std": 0.03203442565558704
}