{
    "accuracies": [
        0.1,
        0.06666666666666667,
        0.0,
        0.03333333333333333,
        0.0,
        0.0,
        0.0,
        0.06666666666666667,
        0.1,
        0.0,
        0.03333333333333333,
        0.0,
        0.03333333333333333,
        0.03333333333333333,
        0.03333333333333333,
        0.0,
        0.0,
        0.06666666666666667,
        0.03333333333333333,
        0.03333333333333333,
        0.0,
        0.03333333333333333,
        0.06666666666666667,
        0.06666666666666667,
        0.0,
        0.06666666666666667,
        0.03333333333333333,
        0.06666666666666667,
        0.03333333333333333,
        0.1,
        0.0,
        0.0,
        0.03333333333333333,
        0.1,
        0.13333333333333333,
        0.1,
        0.0,
        0.06666666666666667,
        0.0,
        0.13333333333333333,
        0.03333333333333333,
        0.03333333333333333,
        0.0,
        0.03333333333333333,
        0.03333333333333333,
        0.03333333333333333,
        0.06666666666666667,
        0.03333333333333333,
        0.0,
        0.06666666666666667,
        0.03333333333333333,
        0.03333333333333333,
        0.06666666666666667,
        0.0,
        0.1,
        0.0,
        0.06666666666666667,
        0.1,
        0.06666666666666667,
        0.06666666666666667,
        0.03333333333333333,
        0.03333333333333333,
        0.03333333333333333,
        0.1
    ],
    "average": 0.042708333333333355,
    "std": 0.03654750998510174
}