{
    "accuracies": [
        0.06666666666666667,
        0.0,
        0.03333333333333333,
        0.0,
        0.03333333333333333,
        0.06666666666666667,
        0.03333333333333333,
        0.03333333333333333,
        0.0,
        0.0,
        0.0,
        0.0,
        0.0,
        0.03333333333333333,
        0.0,
        0.0,
        0.0,
        0.03333333333333333,
        0.0,
        0.0,
        0.03333333333333333,
        0.03333333333333333,
        0.0,
        0.0,
        0.0,
        0.06666666666666667,
        0.03333333333333333,
        0.0,
        0.0,
        0.0,
        0.0,
        0.03333333333333333,
        0.03333333333333333,
        0.03333333333333333,
        0.06666666666666667,
        0.0,
        0.03333333333333333,
        0.03333333333333333,
        0.03333333333333333,
        0.0,
        0.03333333333333333,
        0.0,
        0.03333333333333333,
        0.0,
        0.03333333333333333,
        0.0,
        0.0,
        0.0,
        0.0,
        0.0,
        0.0,
        0.03333333333333333,
        0.0,
        0.0,
        0.0,
        0.03333333333333333,
        0.03333333333333333,
        0.03333333333333333,
        0.03333333333333333,
        0.03333333333333333,
        0.0,
        0.0,
        0.0,
        0.0
    ],
    "average": 0.016666666666666666,
    "std": 0.020412414523193152
}