{
    "accuracies": [
        0.16666666666666666,
        0.06666666666666667,
        0.16666666666666666,
        0.2,
        0.2,
        0.13333333333333333,
        0.2,
        0.2,
        0.2,
        0.16666666666666666,
        0.16666666666666666,
        0.06666666666666667,
        0.13333333333333333,
        0.2,
        0.16666666666666666,
        0.1,
        0.13333333333333333,
        0.13333333333333333,
        0.2,
        0.16666666666666666,
        0.13333333333333333,
        0.1,
        0.16666666666666666,
        0.16666666666666666,
        0.2,
        0.16666666666666666,
        0.16666666666666666,
        0.06666666666666667,
        0.1,
        0.2,
        0.13333333333333333,
        0.2,
        0.16666666666666666,
        0.13333333333333333,
        0.13333333333333333,
        0.13333333333333333,
        0.23333333333333334,
        0.16666666666666666,
        0.13333333333333333,
        0.2,
        0.2,
        0.16666666666666666,
        0.16666666666666666,
        0.2,
        0.26666666666666666,
        0.16666666666666666,
        0.2,
        0.16666666666666666,
        0.2,
        0.2,
        0.13333333333333333,
        0.13333333333333333,
        0.16666666666666666,
        0.16666666666666666,
        0.16666666666666666,
        0.16666666666666666,
        0.13333333333333333,
        0.16666666666666666,
        0.2,
        0.1,
        0.16666666666666666,
        0.1,
        0.16666666666666666,
        0.1
    ],
    "average": 0.16041666666666662,
    "std": 0.0399109251263917
}