{
    "accuracies": [
        0.1,
        0.1,
        0.13333333333333333,
        0.13333333333333333,
        0.13333333333333333,
        0.13333333333333333,
        0.1,
        0.13333333333333333,
        0.1,
        0.1,
        0.13333333333333333,
        0.16666666666666666,
        0.13333333333333333,
        0.13333333333333333,
        0.1,
        0.1,
        0.1,
        0.16666666666666666,
        0.16666666666666666,
        0.13333333333333333,
        0.13333333333333333,
        0.0,
        0.13333333333333333,
        0.1,
        0.13333333333333333,
        0.06666666666666667,
        0.13333333333333333,
        0.13333333333333333,
        0.13333333333333333,
        0.1,
        0.1,
        0.1,
        0.1,
        0.06666666666666667,
        0.1,
        0.16666666666666666,
        0.13333333333333333,
        0.1,
        0.16666666666666666,
        0.1,
        0.1,
        0.13333333333333333,
        0.1,
        0.16666666666666666,
        0.13333333333333333,
        0.06666666666666667,
        0.16666666666666666,
        0.1,
        0.1,
        0.16666666666666666,
        0.1,
        0.1,
        0.13333333333333333,
        0.13333333333333333,
        0.13333333333333333,
        0.06666666666666667,
        0.1,
        0.13333333333333333,
        0.16666666666666666,
        0.13333333333333333,
        0.16666666666666666,
        0.06666666666666667,
        0.13333333333333333
    ],
    "average": 0.1190476190476191,
    "std": 0.03182529786629114
}