{
    "accuracies": [
        0.16666666666666666,
        0.23333333333333334,
        0.23333333333333334,
        0.2,
        0.2,
        0.16666666666666666,
        0.13333333333333333,
        0.2,
        0.13333333333333333,
        0.26666666666666666,
        0.16666666666666666,
        0.23333333333333334,
        0.1,
        0.16666666666666666,
        0.23333333333333334,
        0.2,
        0.26666666666666666,
        0.16666666666666666,
        0.2,
        0.16666666666666666,
        0.16666666666666666,
        0.06666666666666667,
        0.16666666666666666,
        0.13333333333333333,
        0.16666666666666666,
        0.23333333333333334,
        0.16666666666666666,
        0.16666666666666666,
        0.2,
        0.2,
        0.16666666666666666,
        0.16666666666666666,
        0.16666666666666666,
        0.13333333333333333,
        0.2,
        0.16666666666666666,
        0.2,
        0.23333333333333334,
        0.2,
        0.1,
        0.2,
        0.2,
        0.2,
        0.13333333333333333,
        0.16666666666666666,
        0.16666666666666666,
        0.16666666666666666,
        0.16666666666666666,
        0.2,
        0.2,
        0.16666666666666666,
        0.16666666666666666,
        0.16666666666666666,
        0.2,
        0.16666666666666666,
        0.13333333333333333,
        0.16666666666666666,
        0.16666666666666666,
        0.13333333333333333,
        0.2,
        0.2,
        0.16666666666666666,
        0.16666666666666666,
        0.13333333333333333
    ],
    "average": 0.17760416666666656,
    "std": 0.036824795154819866
}