{
    "accuracies": [
        0.16666666666666666,
        0.16666666666666666,
        0.16666666666666666,
        0.16666666666666666,
        0.16666666666666666,
        0.16666666666666666,
        0.13333333333333333,
        0.13333333333333333,
        0.1,
        0.16666666666666666,
        0.1,
        0.16666666666666666,
        0.16666666666666666,
        0.16666666666666666,
        0.16666666666666666,
        0.1,
        0.1,
        0.23333333333333334,
        0.2,
        0.23333333333333334,
        0.16666666666666666,
        0.16666666666666666,
        0.1,
        0.1,
        0.13333333333333333,
        0.16666666666666666,
        0.13333333333333333,
        0.06666666666666667,
        0.16666666666666666,
        0.13333333333333333,
        0.1,
        0.16666666666666666,
        0.16666666666666666,
        0.16666666666666666,
        0.06666666666666667,
        0.16666666666666666,
        0.16666666666666666,
        0.2,
        0.1,
        0.16666666666666666,
        0.16666666666666666,
        0.16666666666666666,
        0.13333333333333333,
        0.13333333333333333,
        0.16666666666666666,
        0.2,
        0.06666666666666667,
        0.13333333333333333,
        0.1,
        0.2,
        0.2,
        0.13333333333333333,
        0.13333333333333333,
        0.06666666666666667,
        0.16666666666666666,
        0.16666666666666666,
        0.2,
        0.13333333333333333,
        0.13333333333333333,
        0.16666666666666666,
        0.06666666666666667,
        0.16666666666666666,
        0.16666666666666666,
        0.16666666666666666
    ],
    "average": 0.1484375,
    "std": 0.03905555493816184
}