{
  "avg_at_n": 6.666666666666667,
  "n": 1,
  "per_seed": [
    6.666666666666667
  ]
}