{
    "accuracies": [
        0.0,
        0.0,
        0.03333333333333333,
        0.0,
        0.0,
        0.0,
        0.03333333333333333,
        0.03333333333333333,
        0.03333333333333333,
        0.0,
        0.03333333333333333,
        0.0,
        0.06666666666666667,
        0.06666666666666667,
        0.03333333333333333,
        0.0,
        0.03333333333333333,
        0.03333333333333333,
        0.0,
        0.03333333333333333,
        0.03333333333333333,
        0.03333333333333333,
        0.03333333333333333,
        0.0,
        0.0,
        0.0,
        0.0,
        0.0,
        0.03333333333333333,
        0.0,
        0.06666666666666667,
        0.03333333333333333,
        0.0,
        0.03333333333333333,
        0.0,
        0.03333333333333333,
        0.03333333333333333,
        0.06666666666666667,
        0.0,
        0.0,
        0.03333333333333333,
        0.03333333333333333,
        0.0,
        0.03333333333333333,
        0.03333333333333333,
        0.03333333333333333,
        0.0,
        0.03333333333333333,
        0.03333333333333333,
        0.0,
        0.03333333333333333,
        0.0,
        0.03333333333333333,
        0.03333333333333333,
        0.06666666666666667,
        0.03333333333333333,
        0.03333333333333333,
        0.0,
        0.0,
        0.0,
        0.03333333333333333,
        0.0,
        0.0,
        0.03333333333333333
    ],
    "average": 0.021354166666666678,
    "std": 0.020722360691747668
}