{
    "accuracies": [
        0.13333333333333333,
        0.13333333333333333,
        0.1,
        0.16666666666666666,
        0.1,
        0.1,
        0.13333333333333333,
        0.13333333333333333,
        0.13333333333333333,
        0.13333333333333333,
        0.13333333333333333,
        0.13333333333333333,
        0.13333333333333333,
        0.13333333333333333,
        0.16666666666666666,
        0.13333333333333333,
        0.1,
        0.16666666666666666,
        0.1,
        0.16666666666666666,
        0.1,
        0.16666666666666666,
        0.26666666666666666,
        0.1,
        0.06666666666666667,
        0.1,
        0.16666666666666666,
        0.16666666666666666,
        0.06666666666666667,
        0.16666666666666666,
        0.06666666666666667,
        0.1,
        0.13333333333333333,
        0.06666666666666667,
        0.03333333333333333,
        0.16666666666666666,
        0.16666666666666666,
        0.06666666666666667,
        0.13333333333333333,
        0.13333333333333333,
        0.06666666666666667,
        0.1,
        0.1,
        0.06666666666666667,
        0.1,
        0.1,
        0.13333333333333333,
        0.06666666666666667,
        0.1,
        0.13333333333333333,
        0.16666666666666666,
        0.1,
        0.1,
        0.2,
        0.13333333333333333,
        0.1,
        0.1,
        0.06666666666666667,
        0.16666666666666666,
        0.1,
        0.06666666666666667,
        0.13333333333333333,
        0.06666666666666667,
        0.13333333333333333
    ],
    "average": 0.11979166666666664,
    "std": 0.04027628110246084
}