{
    "accuracies": [
        0.03333333333333333,
        0.03333333333333333,
        0.06666666666666667,
        0.06666666666666667,
        0.03333333333333333,
        0.1,
        0.06666666666666667,
        0.0,
        0.03333333333333333,
        0.03333333333333333,
        0.0,
        0.03333333333333333,
        0.03333333333333333,
        0.03333333333333333,
        0.03333333333333333,
        0.03333333333333333,
        0.1,
        0.06666666666666667,
        0.0,
        0.06666666666666667,
        0.06666666666666667,
        0.0,
        0.03333333333333333,
        0.0,
        0.06666666666666667,
        0.03333333333333333,
        0.03333333333333333,
        0.06666666666666667,
        0.03333333333333333,
        0.06666666666666667,
        0.03333333333333333,
        0.03333333333333333,
        0.03333333333333333,
        0.03333333333333333,
        0.03333333333333333,
        0.06666666666666667,
        0.06666666666666667,
        0.03333333333333333,
        0.06666666666666667,
        0.03333333333333333,
        0.1,
        0.06666666666666667,
        0.06666666666666667,
        0.03333333333333333,
        0.03333333333333333,
        0.0,
        0.06666666666666667,
        0.03333333333333333,
        0.03333333333333333,
        0.0,
        0.06666666666666667,
        0.0,
        0.06666666666666667,
        0.0,
        0.0,
        0.13333333333333333,
        0.03333333333333333,
        0.03333333333333333,
        0.1,
        0.0,
        0.06666666666666667,
        0.03333333333333333,
        0.0,
        0.0
    ],
    "average": 0.041666666666666685,
    "std": 0.03004626062886658
}