{
    "accuracies": [
        0.16666666666666666,
        0.23333333333333334,
        0.2,
        0.13333333333333333,
        0.16666666666666666,
        0.16666666666666666,
        0.2,
        0.2,
        0.16666666666666666,
        0.16666666666666666,
        0.13333333333333333,
        0.16666666666666666,
        0.2,
        0.1,
        0.13333333333333333,
        0.16666666666666666,
        0.16666666666666666,
        0.2,
        0.23333333333333334,
        0.13333333333333333,
        0.16666666666666666,
        0.16666666666666666,
        0.16666666666666666,
        0.13333333333333333,
        0.1,
        0.16666666666666666,
        0.13333333333333333,
        0.13333333333333333,
        0.16666666666666666,
        0.16666666666666666,
        0.2,
        0.16666666666666666,
        0.16666666666666666,
        0.13333333333333333,
        0.13333333333333333,
        0.13333333333333333,
        0.2,
        0.2,
        0.13333333333333333,
        0.16666666666666666,
        0.16666666666666666,
        0.16666666666666666,
        0.13333333333333333,
        0.16666666666666666,
        0.13333333333333333,
        0.2,
        0.16666666666666666,
        0.13333333333333333,
        0.16666666666666666,
        0.13333333333333333,
        0.16666666666666666,
        0.1,
        0.2,
        0.16666666666666666,
        0.16666666666666666,
        0.23333333333333334,
        0.23333333333333334,
        0.13333333333333333,
        0.16666666666666666,
        0.16666666666666666,
        0.1,
        0.16666666666666666,
        0.2,
        0.2
    ],
    "average": 0.1645833333333333,
    "std": 0.032207551736958974
}