{
    "accuracies": [
        0.03333333333333333,
        0.0,
        0.03333333333333333,
        0.0,
        0.0,
        0.0,
        0.0,
        0.0,
        0.0,
        0.0,
        0.03333333333333333,
        0.0,
        0.03333333333333333,
        0.03333333333333333,
        0.03333333333333333,
        0.03333333333333333,
        0.06666666666666667,
        0.0,
        0.06666666666666667,
        0.03333333333333333,
        0.03333333333333333,
        0.0,
        0.0,
        0.0,
        0.0,
        0.0,
        0.0,
        0.0,
        0.03333333333333333,
        0.0,
        0.03333333333333333,
        0.03333333333333333,
        0.0,
        0.0,
        0.03333333333333333,
        0.0,
        0.0,
        0.0,
        0.0,
        0.03333333333333333,
        0.0,
        0.06666666666666667,
        0.03333333333333333,
        0.0,
        0.03333333333333333,
        0.06666666666666667,
        0.03333333333333333,
        0.06666666666666667,
        0.0,
        0.03333333333333333,
        0.0,
        0.0,
        0.06666666666666667,
        0.03333333333333333,
        0.06666666666666667,
        0.03333333333333333,
        0.0,
        0.0,
        0.0,
        0.06666666666666667,
        0.03333333333333333,
        0.03333333333333333,
        0.03333333333333333,
        0.0
    ],
    "average": 0.020312500000000004,
    "std": 0.023286550943862665
}